,Unnamed: 0,ID,Text,Hate_pos,Hate_neg,Hate_pos_LLM,Hate_neg_LLM,Reasoning_LLM,Raw_output_LLM,Hate_pos_diff
121,121,2083,Oprah gives money to Muzzie Bros.  gave us Ovomit.  personal connection to #GTMO resident Soros.,0.0,1.0,0.8,0.2,"The post contains derogatory language ('Muzzie Bros.' and 'Ovomit') that is likely to be interpreted as demeaning and degrading towards Muslims and former President Obama. The use of 'Muzzie' is a slur against Muslims, and 'Ovomit' is a derogatory term for Obama, which suggests an assault on human dignity. Additionally, the mention of 'personal connection to #GTMO resident Soros' could imply a conspiracy theory, which might not directly relate to hate speech but adds to the negative tone. The language used is offensive and likely to be considered hate speech by a significant portion of annotators, leading to low disagreement.","The post uses derogatory terms such as 'Muzzie Bros.' and 'Ovomit,' which are offensive and likely to be considered hate speech by many annotators. The term 'Muzzie' is a slur against Muslims, and 'Ovomit' is a derogatory term for Obama, suggesting an assault on human dignity. The mention of 'personal connection to #GTMO resident Soros' could imply a conspiracy theory, which might not directly relate to hate speech but adds to the negative tone. Given the offensive language and potential for demeaning individuals based on religion and political affiliation, the post is likely to be classified as hate speech by a significant portion of annotators, leading to low disagreement.",0.8
123,123,2111,"openly calling for violence and murder, I suggest you learn how to spell gun before you get one. ",0.0,1.0,0.8,0.2,"The post contains a suggestion that implies violence by mentioning 'gun' in a context that can be interpreted as threatening or encouraging violence. This aligns with the 'Calls for Violence' aspect of hate speech. The language used is direct and lacks ambiguity, which suggests that there would be low disagreement among annotators about its classification as hate speech.","The post is likely to be classified as hate speech by a majority of annotators due to its direct reference to violence and the context of 'learning to spell gun before getting one,' which implies a threat or encouragement of violence. This makes it a clear case of hate speech under the 'Calls for Violence' category, leading to low disagreement among annotators.",0.8
198,198,3003,If Donald #Trump doesn't remove the #Federal Reserve and #Wall Street from America then it's time to use the Second #Amendment on his #shabbos #goy administration and all the other shabbos in the democrats.  It's time to remove all this filth tied to the Talmudic devils.  The American Republic must be reborn and enter into the One Belt One Road project. #Brics,0.0,1.0,0.8,0.2,"The post contains multiple elements that are likely to be interpreted as hate speech. It includes a call for violence ('use the Second Amendment'), which is a direct incitement to harm. Additionally, it uses derogatory language ('shabbos goy', 'filth', 'Talmudic devils') that targets specific religious and ethnic groups, which can be seen as an assault on human dignity. The language is explicit and offensive, suggesting a high likelihood of consensus among annotators that this constitutes hate speech. However, the political context and the use of coded language might lead to some disagreement, but overall, the post is likely to be classified as hate speech by a majority of annotators.","The post explicitly calls for violence by suggesting the use of the Second Amendment, which is commonly interpreted as a reference to gun rights and potential armed action. This is a clear incitement to violence. Additionally, the use of terms like 'shabbos goy' and 'Talmudic devils' is derogatory and targets Jewish individuals, which constitutes an assault on human dignity. The language is vulgar and offensive, further supporting the classification as hate speech. Given these elements, there is likely to be a strong consensus among annotators that this post is hate speech, although some may interpret the political context differently, leading to a small percentage classifying it as not hate speech.",0.8
474,474,6198,Trump did fund planned parenthood.  Trump is just another puppet of our Jewish masters.,0.0,1.0,0.8,0.2,"The post contains a clear assault on human dignity by using an anti-Semitic trope, referring to 'Jewish masters,' which is a common stereotype used to demean and degrade Jewish people. This aspect of the post is likely to be recognized as hate speech by a significant portion of annotators. There is no call for violence, but the use of offensive language and stereotypes contributes to its classification as hate speech. The post is not ambiguous in its derogatory reference, suggesting low disagreement among annotators.","The post makes an anti-Semitic statement by referring to 'Jewish masters,' which is a stereotype that degrades Jewish people. This is a clear assault on human dignity. While there is no explicit call for violence, the use of such offensive language and stereotypes is likely to be recognized as hate speech by many annotators. The post is not ambiguous in its derogatory reference, suggesting low disagreement among annotators. Therefore, a higher percentage of annotators are likely to classify this as hate speech.",0.8
546,546,7092,"It's no wonder, though, really. You're bound to feel inferior and want blackwashing when your history can be summed up as:  200,000 BC: oogabooga me make fire ",0.0,1.0,0.8,0.2,"The post contains language that demeans and degrades individuals based on race, specifically targeting black people with a derogatory stereotype. The use of 'oogabooga' is a racial slur that mocks and belittles. This falls under the category of 'Assaults on Human Dignity.' The post is likely to be seen as hate speech by a significant portion of annotators due to its clear racial derogation, leading to low disagreement among annotators.","The post uses racially derogatory language, specifically targeting black people with a stereotype that is both demeaning and degrading. The phrase 'oogabooga me make fire' is a racial slur that mocks and belittles, which falls under the category of 'Assaults on Human Dignity.' This type of language is likely to be classified as hate speech by a significant portion of annotators due to its clear racial derogation. Therefore, the disagreement among annotators is expected to be low, with a higher percentage classifying it as hate speech.",0.8
627,627,8237,"""It's their life bro, so what if they want to fuck kids. It doesn't affect me."" Am I doing it right? ",0.0,1.0,0.8,0.2,"The post appears to trivialize or condone pedophilia, which is a serious criminal act and a significant social issue. This can be seen as an assault on human dignity, as it dismisses the harm and exploitation of children. The language used is not overtly vulgar, but the content is highly offensive and likely to be interpreted as hate speech by a majority of annotators. However, some may argue it is a poorly worded attempt at sarcasm or dark humor, leading to some disagreement.","The post trivializes a serious issue, potentially condoning harmful behavior towards children. This is likely to be seen as an assault on human dignity, as it dismisses the harm and exploitation of children. The language is not overtly vulgar, but the content is highly offensive. While some may interpret it as a poorly worded attempt at sarcasm or dark humor, the majority of annotators are likely to classify it as hate speech due to the serious nature of the topic.",0.8
779,779,9897,"Liberals think a 20-year-old adult is too irresponsible to own a gun, but a 5-year-old is enlightened enough to pick their own gender. Makes total sense.",1.0,0.0,0.2,0.8,"The post uses sarcasm to criticize liberal views on gun ownership and gender identity. It does not contain direct assaults on human dignity, calls for violence, or vulgar language. The post is likely to be interpreted as a political opinion rather than hate speech, leading to low disagreement among annotators.","The post uses sarcasm to criticize liberal views on gun ownership and gender identity. It does not contain direct assaults on human dignity, calls for violence, or vulgar language. The post is likely to be interpreted as a political opinion rather than hate speech, leading to low disagreement among annotators. Therefore, the predicted percentages of annotators who classify the post as hate speech vs. not hate speech are [0.2, 0.8].",0.8
998,998,12187,"With Hanoi John McCain now assuming room temperature, I'm faced with a problem. Since he always made such a big deal about being an Arizonan I had hoped to be able to travel to his grave here in Arizona and pee on it. That has been on my bucket list since the 70's. Now I hear he wants buried back east... So how does one go about begging on one of the fund raising sites to get air-fare to Marylan...",0.0,1.0,0.8,0.2,"The post contains offensive and disrespectful language towards a deceased individual, which can be seen as an assault on human dignity. The desire to urinate on someone's grave is a vulgar expression of contempt and could be interpreted as hate speech by many annotators. However, it does not explicitly target a protected group or call for violence, which might lead to some disagreement among annotators. Overall, the post is likely to be seen as hate speech by a majority due to its offensive nature and the disrespect shown towards the deceased.","The post expresses a desire to desecrate the grave of a deceased individual, John McCain, using vulgar language. This can be seen as an assault on human dignity, as it shows a lack of respect for the deceased and uses offensive language. While it does not target a specific protected group or call for violence, the disrespectful and vulgar nature of the post is likely to lead to a high percentage of annotators classifying it as hate speech. However, some may argue it is not hate speech as it does not target a group or incite violence, leading to some disagreement.",0.8
1035,1035,12534,https://twitter.com/MarkACollett/status/1012235315824812033  ,0.0,1.0,0.8,0.2,"The post likely contains content that assaults human dignity by targeting specific groups based on race or ethnicity, as Mark Collett is known for his far-right views. This could lead to a high percentage of annotators classifying it as hate speech. However, without the exact content of the tweet, there is some uncertainty, but given the source, it is likely to be perceived as hate speech by a majority.","The post is from Mark Collett, a known far-right figure, which suggests that the content may include elements that degrade or demean individuals or groups based on race or ethnicity. This aligns with the 'Assaults on Human Dignity' aspect of hate speech. Given the source, annotators are likely to agree that the post constitutes hate speech, leading to low disagreement. However, without the exact content, there is some room for interpretation, but the prediction leans towards a higher percentage of annotators classifying it as hate speech.",0.8
1096,1096,13552,notice they didn't leave. my guess is they are jews and israeli bots.,0.0,1.0,0.8,0.2,"The post makes a derogatory assumption about a group of people based on their perceived ethnicity or nationality, specifically targeting Jews and Israelis. This falls under the category of 'Assaults on Human Dignity' as it demeans individuals based on their identity. The language used is likely to be interpreted as hate speech by a significant portion of annotators, leading to a high percentage classifying it as such. However, there may be some disagreement due to the lack of explicit calls for violence or vulgar language, resulting in a minority not classifying it as hate speech.","The post contains a derogatory assumption about Jews and Israeli bots, which can be seen as an assault on human dignity. It targets a specific group based on ethnicity or nationality, which is a common characteristic of hate speech. While there is no explicit call for violence or use of vulgar language, the demeaning nature of the statement is likely to lead to a high percentage of annotators classifying it as hate speech. However, some may not see it as hate speech due to the absence of more overtly aggressive language, leading to some disagreement.",0.8
1128,1128,13963,here is the mouthy lefty liberals and of course the pakies trying so hard to stop this  ,0.0,1.0,0.8,0.2,"The post contains a racial slur ('pakies') which is offensive and demeaning towards a specific ethnic group. This falls under the category of 'Assaults on Human Dignity' as it degrades individuals based on ethnicity. The use of 'mouthy lefty liberals' is derogatory but not necessarily hate speech. The presence of the racial slur is likely to lead to a consensus among annotators that the post constitutes hate speech, resulting in low disagreement.","The post uses a racial slur ('pakies') which is offensive and targets a specific ethnic group, making it a clear example of hate speech under the 'Assaults on Human Dignity' category. The derogatory term 'mouthy lefty liberals' is less severe but contributes to the overall negative tone. Given the explicit use of a racial slur, annotators are likely to agree that this post constitutes hate speech, leading to low disagreement. Therefore, a higher percentage of annotators would classify this as hate speech.",0.8
1161,1161,14455,Fuck Antwon Rose.    The officer will walk.   ,0.0,1.0,0.8,0.2,"The post contains vulgar and offensive language directed at an individual, Antwon Rose, which can be seen as demeaning or degrading. The phrase 'Fuck Antwon Rose' is likely to be interpreted as an assault on human dignity. Additionally, the statement 'The officer will walk' could be interpreted as a callous disregard for justice, which may further contribute to perceptions of hate speech. Given the strong language and the context of a controversial legal case, there is likely to be low disagreement among annotators that this post constitutes hate speech.","The post 'Fuck Antwon Rose. The officer will walk.' contains vulgar and offensive language directed at an individual, Antwon Rose. The use of the word 'Fuck' is a clear example of vulgarity and offensive language. Additionally, the statement 'The officer will walk' could be interpreted as a dismissive or callous remark regarding a legal case involving a police officer and Antwon Rose, which may be seen as demeaning or degrading to those who view the case as unjust.

Given the strong language and the context of a controversial legal case, it is likely that a significant percentage of annotators would classify this post as hate speech due to its offensive nature and potential to demean or degrade. Therefore, the prediction is that there would be low disagreement among annotators, with a higher percentage classifying it as hate speech.

Percentages of annotators who classify the post as hate speech vs. not hate speech: [0.8, 0.2]",0.8
1223,1223,15140,Adolf Hitler - A Champion For All Humanity ,0.0,1.0,0.8,0.2,"The post explicitly praises Adolf Hitler, a historical figure associated with genocide and extreme hate speech. This is likely to be interpreted as an assault on human dignity, given Hitler's role in the Holocaust and the promotion of Nazi ideology. The post is clear in its message, which is likely to lead to a consensus among annotators that it constitutes hate speech.","The post ""Adolf Hitler - A Champion For All Humanity"" is likely to be classified as hate speech by a significant majority of annotators. The post explicitly praises Adolf Hitler, a historical figure associated with genocide, racism, and extreme hate speech. This is likely to be interpreted as an assault on human dignity, given Hitler's role in the Holocaust and the promotion of Nazi ideology. The post is clear in its message, which is likely to lead to a consensus among annotators that it constitutes hate speech. Therefore, the predicted percentages of annotators who classify the post as hate speech vs. not hate speech are [0.8, 0.2].",0.8
1264,1264,15608,"California wet dream:  Rip it's star from our flag.  Attach thousands of boats to the coastline, wrench it from the mainland, tow it out to sea, and sink it with a all aboard.  #Gab #GabFam #SpeakFreely #Chat #Americans",0.0,1.0,0.8,0.2,"The post contains a call for violence by suggesting the physical removal and sinking of California with people aboard, which is a clear incitement to harm. This aspect of the post is likely to lead to a consensus among annotators that it constitutes hate speech. The language used is not ambiguous and directly suggests a violent action, which aligns with the 'Calls for Violence' aspect of hate speech.","The post suggests a violent action against a geographical region and its inhabitants, which is a clear call for violence. This is likely to be interpreted as hate speech by a majority of annotators due to the explicit nature of the suggestion. The post does not rely on ambiguous language or context, making it a case of low disagreement among annotators.",0.8
1370,1370,16992,"English bitch, try using it.",0.0,1.0,0.8,0.2,"The post contains offensive language directed at an individual or group, using the term 'bitch' which is a derogatory term. This falls under the category of vulgarity and/or offensive language. The use of 'English' as a descriptor could imply a racial or nationalistic insult, which may be interpreted as an assault on human dignity. However, the post does not explicitly call for violence. The language is clear in its offensiveness, suggesting low disagreement among annotators about its classification as hate speech.","The post 'English bitch, try using it.' contains offensive language, specifically the term 'bitch,' which is derogatory and vulgar. The use of 'English' as a descriptor could imply a racial or nationalistic insult, potentially demeaning individuals based on nationality or ethnicity. This aligns with the aspect of assaults on human dignity and vulgarity/offensive language. However, there is no explicit call for violence. The post's language is straightforward in its offensiveness, leading to a likely consensus among annotators that it constitutes hate speech, resulting in low disagreement. Therefore, the predicted percentages of annotators classifying the post as hate speech vs. not hate speech are [0.8, 0.2].",0.8
1391,1391,17241,That is what (((they))) are so upset about The true numbers (((They))) will never report the true numbers as long as (((they))) are controlling the narrative The true numbers are We will win  ,0.0,1.0,0.8,0.2,"The post uses triple parentheses, a known anti-Semitic dog whistle, to refer to 'they,' suggesting a Jewish conspiracy controlling the narrative. This falls under 'Assaults on Human Dignity' as it degrades a group based on religion. The post does not explicitly call for violence or use vulgar language, but the use of coded language to imply a conspiracy is a clear indicator of hate speech. Annotators are likely to agree on this interpretation, leading to low disagreement.","The post uses coded language, specifically the triple parentheses, which is a known anti-Semitic symbol used to imply Jewish control or conspiracy. This aspect of the post clearly falls under 'Assaults on Human Dignity' as it targets a group based on religion. While the post does not explicitly call for violence or use vulgar language, the use of such coded language is a clear indicator of hate speech. Given the clarity of the anti-Semitic reference, annotators are likely to agree on this interpretation, resulting in low disagreement. Therefore, a higher percentage of annotators would classify this as hate speech.",0.8
1598,1598,19329,"The faggot Lindsy Graham ""You were supposedly a Bill Cosby in High School"" ",0.0,1.0,0.8,0.2,"The post contains a homophobic slur ('faggot') directed at an individual, which falls under the category of vulgarity and offensive language. This is a clear example of hate speech as it uses derogatory language targeting sexual orientation. Additionally, the post makes a derogatory comparison to Bill Cosby, which could be interpreted as an assault on human dignity. Given the explicit use of slurs and the demeaning nature of the content, there is likely to be low disagreement among annotators about this being classified as hate speech.","The post uses a homophobic slur and makes a derogatory comparison, which are clear indicators of hate speech. The use of such language is likely to lead to a consensus among annotators that this is hate speech, resulting in low disagreement. Therefore, a high percentage of annotators would classify this as hate speech.",0.8
1804,1804,22250,Stupid bitch thinks hogg is a person.,0.0,1.0,0.8,0.2,"The post contains offensive language, specifically the use of the term 'stupid bitch,' which is a vulgar and derogatory term directed at an individual. This falls under the category of vulgarity and offensive language. While it does not explicitly call for violence or assault human dignity based on protected characteristics, the use of such language is likely to be perceived as hate speech by a significant portion of annotators. However, some annotators may not classify it as hate speech due to the lack of explicit targeting based on race, ethnicity, gender, etc., leading to some level of disagreement.","The post uses offensive language ('stupid bitch') which is derogatory and demeaning. This language is likely to be considered hate speech by many annotators due to its vulgarity and the personal attack it implies. However, since it does not target a specific group based on protected characteristics or incite violence, some annotators might not classify it as hate speech, resulting in a moderate level of disagreement. Therefore, the predicted percentages are [0.8, 0.2].",0.8
1969,1969,24316,I give free bullets as long as they keep lining up.  Reparation have already been made we gave them a country https://en.wikipedia.org/wiki/Liberia Niggers are hyphenated-Americans because they belong in Liberia. If they want to claim their reparations then they can buy a one way ticket to Liberia. Or we can revoke their state side citizenship and DEPORT the whole worthless lot! Liberia Today https://www.youtube.com/watch?v=ZRuSS0iiFyo ANIMALS!,0.0,1.0,0.9,0.1,"The post contains multiple aspects of hate speech. It assaults human dignity by using racial slurs and demeaning language towards African Americans, suggesting they are not true Americans and belong in Liberia. It also contains a call for violence by offering 'free bullets' and suggesting deportation. The language is vulgar and offensive, with clear racial slurs and derogatory terms. Given the explicit nature of the language and the clear targeting of a racial group, there is likely to be low disagreement among annotators that this constitutes hate speech.","The post is highly likely to be classified as hate speech by the majority of annotators due to its explicit use of racial slurs, demeaning language, and implied threats of violence. The post clearly assaults human dignity by referring to African Americans with derogatory terms and suggesting they should be deported to Liberia. The offer of 'free bullets' implies a threat of violence. The language used is vulgar and offensive, leaving little room for interpretation. Therefore, the prediction is that 90% of annotators would classify this as hate speech, with only 10% not classifying it as such.",0.9
2011,2011,24785,Why does the J-Left media fail to show the mutilated faces of people suffering at the hands of the 3rd world invaders?  It's almost as if they know that doing so would cause people to conjure up these horrific images in their minds every time they heard of another girl murdered at the hands of invaders..  Almost as if the want to keep people ignorant of the threat.,0.0,1.0,0.8,0.2,"The post uses the term 'J-Left media,' which could be interpreted as a derogatory reference to Jewish people, suggesting an assault on human dignity. It also uses the term '3rd world invaders,' which dehumanizes immigrants or people from developing countries, further contributing to an assault on human dignity. The post implies a threat from these 'invaders,' which could be seen as fear-mongering or inciting hostility. The language is inflammatory and could be interpreted as hate speech by a significant portion of annotators, though some may not see it as a direct call for violence or use of vulgar language, leading to some disagreement.","The post contains language that could be interpreted as demeaning or degrading to certain groups, specifically with the use of terms like 'J-Left media' and '3rd world invaders.' These terms suggest an assault on human dignity by dehumanizing and targeting specific groups. The post also implies a threat from these 'invaders,' which could be seen as inciting hostility or fear. While it does not explicitly call for violence or use vulgar language, the overall tone and choice of words are inflammatory and could be interpreted as hate speech by a significant portion of annotators. However, some annotators may not see it as a direct call for violence or use of vulgar language, leading to some disagreement. Therefore, I predict a higher percentage of annotators would classify this as hate speech, but not unanimously, resulting in [0.8, 0.2].",0.8
2181,2181,27120,The world is a better & safer place now that McCain is enjoying his eternity in Hades.   Now if Satan could just call Ruth Bader Ginsberg home...,0.0,1.0,0.8,0.2,"The post expresses a wish for the death of specific individuals, which can be seen as a call for harm, albeit in a non-physical sense. It also uses language that can be interpreted as demeaning or degrading towards the individuals mentioned, particularly by suggesting they belong in 'Hades' or should be 'called home' by Satan. This aligns with the 'Assaults on Human Dignity' aspect of hate speech. The post is likely to be seen as offensive and disrespectful, leading to a higher percentage of annotators classifying it as hate speech. However, the lack of direct calls for violence or use of vulgar language might lead some annotators to classify it as not hate speech, resulting in some disagreement.","The post expresses a wish for the death of specific individuals, which can be seen as a call for harm, albeit in a non-physical sense. It also uses language that can be interpreted as demeaning or degrading towards the individuals mentioned, particularly by suggesting they belong in 'Hades' or should be 'called home' by Satan. This aligns with the 'Assaults on Human Dignity' aspect of hate speech. The post is likely to be seen as offensive and disrespectful, leading to a higher percentage of annotators classifying it as hate speech. However, the lack of direct calls for violence or use of vulgar language might lead some annotators to classify it as not hate speech, resulting in some disagreement.",0.8
