,ID,Text,Hate,Hate_LLM,Reasoning_LLM,Raw_output_LLM,Hate_diff
0,686,PROBABLY RELATED TO IRANIAN VALERIE JARRED,0,0,"The post makes a vague reference to Valerie Jarrett, potentially implying a connection to Iran. However, it does not contain explicit demeaning language, calls for violence, or vulgarity. Without further context, it is difficult to determine if this is an assault on human dignity or a form of hate speech. The post lacks clear indicators of hate speech as defined by the aspects provided.","The post does not explicitly demean or degrade individuals or groups based on protected characteristics, nor does it incite violence or use vulgar language. It is ambiguous and lacks context, making it unlikely to be labeled as hate speech by Andy.",0
1,11212,"Put some honey, or sugar mixed with water, on a small plate near a light or as high as possible, will catch lots of flies and bugs. ",0,0,"The post provides a tip on how to catch flies and bugs using honey or sugar water. It does not contain any language or content that assaults human dignity, calls for violence, or uses vulgar or offensive language. Therefore, it does not meet any of the criteria for hate speech.",The post is a simple tip about catching flies and bugs and does not contain any elements of hate speech.,0
2,8890,"Quatre Bras, in that entire 100 day campaign Wellington did not put a foot wrong.",0,0,"The post is a historical reference to the Battle of Quatre Bras and the 100-day campaign of Napoleon. It does not contain any language that assaults human dignity, calls for violence, or uses vulgar or offensive language. It is a neutral statement about a historical event and does not exhibit any aspects of hate speech.",The post is a neutral statement about a historical event and does not exhibit any aspects of hate speech.,0
3,26105,"How gay is that portrait? Is he laughing at Dumb Shit Americans who voted his Gay, Illegal Ass into Office? No. I cannot be here watching this.",1,1,"The post uses derogatory language towards a political figure, referring to them as 'Gay' and 'Illegal,' which can be seen as demeaning based on sexual orientation and possibly immigration status. The use of 'Dumb Shit Americans' is vulgar and offensive. The post does not explicitly call for violence but does contain assaults on human dignity and offensive language.","The post contains derogatory language and slurs that demean individuals based on sexual orientation and possibly immigration status. It also uses vulgar language to insult a group of people. These elements align with aspects of hate speech, particularly assaults on human dignity and offensive language, which Andy would likely label as hate speech.",0
4,19327,but the holocaust is a lie,1,1,"The post denies the Holocaust, which is a historical event that is well-documented and recognized as a genocide against the Jewish people. Denying the Holocaust can be seen as an assault on human dignity, as it dismisses the suffering and experiences of millions of victims and survivors. This type of statement is often associated with anti-Semitic views and can be considered hate speech due to its demeaning nature towards a specific ethnic and religious group.","The post denies the Holocaust, which is a historical event that is well-documented and recognized as a genocide against the Jewish people. Denying the Holocaust can be seen as an assault on human dignity, as it dismisses the suffering and experiences of millions of victims and survivors. This type of statement is often associated with anti-Semitic views and can be considered hate speech due to its demeaning nature towards a specific ethnic and religious group. Therefore, Andy would likely label this post as hate speech, resulting in a label of 1.",0
5,7812,"Romney is remembered for the Obamacare prototype, for not fighting Gay Marriage, Speaking in front of Planned Parenthood, Being part of the Vulture Capital firm Bain, that destroyed companies and US Jobs with debt, and showing contempt for both the poor and the Deplorables.",1,0,"The post criticizes Mitt Romney for various political actions and associations, such as his involvement with Bain Capital and his stance on issues like gay marriage and healthcare. However, it does not contain language that assaults human dignity based on protected characteristics, nor does it call for violence. The language used is critical but not vulgar or offensive. Therefore, Andy would likely not label this as hate speech.","The post criticizes Mitt Romney for various political actions and associations, such as his involvement with Bain Capital and his stance on issues like gay marriage and healthcare. However, it does not contain language that assaults human dignity based on protected characteristics, nor does it call for violence. The language used is critical but not vulgar or offensive. Therefore, Andy would likely not label this as hate speech.",1
6,26887,"Invite goat fuckers in, expect goat fucker problems.",1,1,"The post uses the term 'goat fuckers,' which is a derogatory and offensive term likely aimed at a specific group, possibly based on ethnicity or religion. This language degrades and dehumanizes the targeted group, constituting an assault on human dignity. The vulgarity and offensive language aspect is also present due to the use of profanity. Given these factors, Andy would likely label this post as hate speech.","The post contains offensive and derogatory language aimed at a group, likely based on ethnicity or religion, which degrades their human dignity. It also includes vulgar language. Therefore, Andy would label it as hate speech.",0
7,25167,There is no reason President Trump should show voters his income tax returns. Because he told us he has nothing to hide.,0,0,"The post discusses President Trump's income tax returns and suggests that there is no need for him to disclose them because he claims to have nothing to hide. The post does not contain any language that assaults human dignity, calls for violence, or uses vulgar or offensive language. It appears to be a political opinion rather than hate speech.","The post is a political opinion about President Trump's tax returns and does not exhibit any aspects of hate speech. Therefore, Andy would likely label it as 0, indicating it is not hate speech.",0
8,16971,https://leohohmann.com/2018/04/10/time-for-trump-to-rein-in-fraudulent-religious-visa-program-being-exploited-by-imams/  ,1,0,"The post appears to be a link to an article discussing the religious visa program and its alleged exploitation by imams. Without additional context or content from the article itself, it is difficult to determine if the post contains hate speech. However, the title suggests a critical stance towards a specific religious group (imams), which could potentially be seen as demeaning or degrading based on religion. The post does not explicitly call for violence or use vulgar language in the title itself. Given the lack of explicit hate speech elements in the title alone, Andy might not label this as hate speech, but there is potential for disagreement depending on the content of the article.","The post is a link to an article with a potentially critical stance towards a religious group, but without explicit hate speech elements in the title, it is likely not labeled as hate speech by Andy.",1
9,14961,Haha. @Eric_StrikerDS won't let me follow him any more because I like to remind him that the Alt-Right media embargo on @Patrick_little was RACE TREASON. ,1,0,"The post mentions 'Alt-Right' and 'RACE TREASON,' which could be interpreted as racially charged language. However, it does not explicitly demean or degrade individuals or groups based on race, ethnicity, or other protected characteristics. There is no call for violence or use of vulgar or offensive language. The term 'RACE TREASON' could be seen as provocative, but without additional context, it is not clear if it constitutes hate speech. Andy might see this as not meeting the threshold for hate speech.","The post does not explicitly demean or degrade individuals or groups based on race, ethnicity, or other protected characteristics. There is no call for violence or use of vulgar or offensive language. The term 'RACE TREASON' could be seen as provocative, but without additional context, it is not clear if it constitutes hate speech. Andy might see this as not meeting the threshold for hate speech.",1
10,9048,"The great American Tradition of blacks burning down and destroying our cities in ""celebration"" of a meaningless sports victory.",1,1,"The post makes a derogatory generalization about black people, suggesting that they are responsible for burning down and destroying cities. This is an assault on human dignity as it demeans a racial group by attributing negative behavior to them. The language used is also offensive and perpetuates harmful stereotypes. Given these aspects, Andy would likely label this post as hate speech.","The post makes a derogatory generalization about black people, suggesting that they are responsible for burning down and destroying cities. This is an assault on human dignity as it demeans a racial group by attributing negative behavior to them. The language used is also offensive and perpetuates harmful stereotypes. Given these aspects, Andy would likely label this post as hate speech.",0
11,1465,This one just has the classic penis face with beady eyes.  ,1,0,"The post uses a derogatory term 'penis face' which could be considered vulgar or offensive language. However, it does not seem to target any specific individual or group based on protected characteristics, nor does it call for violence. The language is more juvenile and crude rather than hateful. Andy would likely not label this as hate speech.","The post uses a derogatory term 'penis face' which could be considered vulgar or offensive language. However, it does not seem to target any specific individual or group based on protected characteristics, nor does it call for violence. The language is more juvenile and crude rather than hateful. Andy would likely not label this as hate speech.",1
12,16868,@TZilla . Thanks for the follow. I hope your weekend is going well.,0,0,"The post is a polite and friendly message thanking someone for a follow and wishing them a good weekend. It does not contain any assaults on human dignity, calls for violence, or vulgarity and offensive language. Therefore, it does not exhibit any aspects of hate speech.","The post is a polite and friendly message thanking someone for a follow and wishing them a good weekend. It does not contain any assaults on human dignity, calls for violence, or vulgarity and offensive language. Therefore, it does not exhibit any aspects of hate speech. Label: 0",0
13,9253,I smell something...it smells like... ,1,0,"The post is incomplete and lacks context, making it difficult to determine if it constitutes hate speech. It does not explicitly demean or degrade any group, nor does it call for violence or use vulgar language. The ambiguity and lack of context suggest that it is not hate speech, but the potential for different interpretations exists.","The post is too vague and lacks context to be considered hate speech. It does not clearly fall into any of the hate speech categories, and there is no offensive language or explicit targeting of any group. Therefore, Andy would likely label it as not hate speech.",1
14,7981,"Wrong.   You falsely assume thatcI make the leap between hate and violence.  While it is true you usually do not have violence without some type of hate, it us not a fact that all hate leads to violence.    Therefore,  hate speech is free speech so long as it does not actually call for violence...",0,0,"The post discusses the relationship between hate and violence, arguing that not all hate leads to violence and that hate speech is free speech unless it calls for violence. The post does not demean or degrade any specific group, nor does it contain vulgar or offensive language. It also does not call for violence. Therefore, Andy would likely label this post as not constituting hate speech.","The post discusses the relationship between hate and violence, arguing that not all hate leads to violence and that hate speech is free speech unless it calls for violence. The post does not demean or degrade any specific group, nor does it contain vulgar or offensive language. It also does not call for violence. Therefore, Andy would likely label this post as not constituting hate speech.",0
15,17627,"I had that inclination as well, as with perverts, (like Jews) the Filthier the better. One Reason why Jews are Attracted to Sheboons & to the Contrary, why Sophisticated White Gentlemen are Attracted to Clean & Beautiful White Women, whom they Respect & Cherish...",1,1,"The post contains clear assaults on human dignity by demeaning and degrading individuals based on race and ethnicity. It uses derogatory language towards Jews and Black women ('Sheboons'), which is a racial slur. The post also implies a hierarchy of races, suggesting that Jews are 'perverts' and that White men are superior for being attracted to 'Clean & Beautiful White Women.' This aligns with hate speech as it promotes racial superiority and uses offensive language.","The post is labeled as hate speech due to its demeaning language towards Jews and Black women, use of racial slurs, and promotion of racial superiority.",0
16,3361,"I wasn't going to bother talking to liberals anymore, but George Lincoln Rockwell reminded me - he doesn't blame them for being liberal, since it fits the info they'd been given. Feed bad info to a computer, get the wrong answers out. Of course, that made a lot more sense in the 1960s...",0,0,"The post references George Lincoln Rockwell, a known figure associated with white supremacist ideologies, which could be a red flag for hate speech. However, the post itself does not explicitly demean or degrade any group based on protected characteristics, nor does it call for violence. It uses a metaphor about feeding bad information to a computer, which is not inherently offensive or vulgar. The post seems to express a political opinion about liberals without using offensive language or inciting violence. Therefore, Andy would likely not label this as hate speech.",The post references a historical figure known for controversial views but does not explicitly engage in hate speech itself. It critiques liberals in a non-vulgar manner without demeaning or inciting violence against any group.,0
17,7068,You wouldn't have any tech if you didn't steal it from White People.  Could you build ICQ on rocks?  You haven't even written a programming Language all the major Programming Languages were written by White People!  Don't even mention Face Book>Stolen from a White Person so much theft and it's always Look at us jews we did this when you stole it.,0,1,"The post contains multiple elements that Andy would likely consider as hate speech. It assaults human dignity by demeaning and degrading individuals based on race and ethnicity, specifically targeting Jewish people and non-white individuals. The post perpetuates harmful stereotypes and false claims about theft and contributions to technology, attributing all technological advancements to 'White People' and accusing Jewish people of stealing. This is a clear example of hate speech as it promotes racial superiority and denigrates specific ethnic groups. Additionally, the language used is offensive and derogatory, further supporting the classification as hate speech.","The post contains multiple elements that Andy would likely consider as hate speech. It assaults human dignity by demeaning and degrading individuals based on race and ethnicity, specifically targeting Jewish people and non-white individuals. The post perpetuates harmful stereotypes and false claims about theft and contributions to technology, attributing all technological advancements to 'White People' and accusing Jewish people of stealing. This is a clear example of hate speech as it promotes racial superiority and denigrates specific ethnic groups. Additionally, the language used is offensive and derogatory, further supporting the classification as hate speech.",1
18,2040,"Dear America and the WEST, are you beginning to see what we whites (I'm an American) are up against here in South Africa? You have been warned.",1,1,"The post suggests a racial divide and implies a threat or warning against a particular racial group in South Africa. It uses 'we whites' to create an 'us vs. them' narrative, which can be seen as demeaning or degrading to other racial groups. However, it does not explicitly call for violence or use vulgar language. Andy might label this as hate speech due to the racial undertones and the implied threat or warning, which could be seen as an assault on human dignity.","The post implies a racial conflict and uses language that could be interpreted as demeaning to non-white groups in South Africa. It suggests a threat or warning, which can be seen as an assault on human dignity. Andy would likely label this as hate speech due to these racial undertones.",0
19,10003,Academic careers require logrolling -  ,1,0,"The post 'Academic careers require logrolling' does not contain any language that assaults human dignity, calls for violence, or uses vulgar or offensive language. It appears to be a statement about academic careers, possibly implying that mutual support or networking is necessary in academia. There is no indication of hate speech in this post.","The post 'Academic careers require logrolling' does not contain any language that assaults human dignity, calls for violence, or uses vulgar or offensive language. It appears to be a statement about academic careers, possibly implying that mutual support or networking is necessary in academia. There is no indication of hate speech in this post.",1
20,5482,"@HillaryClinton: ""There is still a very large proportion of the population that is uneasy with women in positions of leadership and so the easiest way to kind of avoid having to look at someone on her merits is to dismiss her on her looks and mostly lying.""",0,0,"The post is a quote from Hillary Clinton discussing the challenges women face in leadership positions due to societal biases. It does not demean or degrade individuals or groups based on protected characteristics, nor does it incite violence or use vulgar language. The post is a commentary on gender bias, but it does not exhibit any aspects of hate speech as defined.","The post is a quote from Hillary Clinton discussing the challenges women face in leadership positions due to societal biases. It does not demean or degrade individuals or groups based on protected characteristics, nor does it incite violence or use vulgar language. The post is a commentary on gender bias, but it does not exhibit any aspects of hate speech as defined. Therefore, Andy would likely label it as 0, indicating it is not hate speech.",0
21,13609,"Ok, so if we go that route it's clearly fake depictions of kids getting assualted. So it's still disgusting garbage not worth supporting. ",0,0,"The post discusses 'fake depictions of kids getting assaulted' and describes it as 'disgusting garbage not worth supporting.' While the language is strong, it does not appear to demean or degrade individuals or groups based on protected characteristics, nor does it incite violence. The use of the term 'disgusting garbage' could be considered offensive, but it is directed at the content rather than a group of people. Therefore, it is unlikely to be labeled as hate speech by Andy.","The post does not exhibit any of the specific aspects of hate speech as outlined. It does not assault human dignity, call for violence, or use vulgarity/offensive language in a way that targets a specific group. The focus is on condemning certain content rather than people.",0
22,20868,#thenoseknows a goodgoy always follows the money crumbs and not it's heart. #thanksjews,1,1,"The post uses the hashtag #thenoseknows, which is a reference to an anti-Semitic stereotype about Jewish people having large noses. The phrase 'goodgoy' is a derogatory term used to describe non-Jews who are perceived as being subservient to Jewish interests. The hashtag #thanksjews implies that Jews are responsible for negative actions or outcomes. These elements collectively demean and degrade Jewish people based on their ethnicity and religion, which falls under the category of assaults on human dignity. The post does not explicitly call for violence, but it does contain offensive language and slurs directed at a specific group.","The post contains anti-Semitic stereotypes and slurs, which are considered hate speech. Andy would likely label this post as hate speech due to its demeaning and degrading content towards Jewish people.",0
23,8950,"what do you think of the concept of the Bible being a guide written by our ancestors on how to behave and remain strong? I mean if you take out some of the magic and wizardry...it basically says “Jews are bad, they’re evil money lenders, don’t trust them, they killed our homie, here’s ten things they will try to get you to do so don’t do them bro”",1,1,"The post contains language that demeans and degrades a specific group, in this case, Jewish people, by perpetuating harmful stereotypes and negative characterizations. It suggests that Jews are inherently bad and untrustworthy, which is an assault on human dignity based on religion and ethnicity. The post does not explicitly call for violence, but it uses offensive language and perpetuates harmful stereotypes, which aligns with aspects of hate speech. Andy would likely label this as hate speech due to the demeaning and degrading content directed at a specific group.","The post contains language that demeans and degrades a specific group, in this case, Jewish people, by perpetuating harmful stereotypes and negative characterizations. It suggests that Jews are inherently bad and untrustworthy, which is an assault on human dignity based on religion and ethnicity. The post does not explicitly call for violence, but it uses offensive language and perpetuates harmful stereotypes, which aligns with aspects of hate speech. Andy would likely label this as hate speech due to the demeaning and degrading content directed at a specific group.",0
24,25042,"Little tiny nose rings can look good on women. They make Dorsey look like a pansy-ass, soy-loving snowflake. ",0,0,"The post uses derogatory language such as ""pansy-ass"" and ""soy-loving snowflake"" to describe an individual, which can be considered offensive. However, it does not explicitly demean or degrade individuals based on protected characteristics like race, ethnicity, gender, etc. The language is more about mocking or insulting a specific person rather than a group. There is no call for violence or use of slurs that target a protected group. Given these factors, Andy might not label this as hate speech, but the offensive language could lead to some disagreement.","The post uses derogatory language such as ""pansy-ass"" and ""soy-loving snowflake"" to describe an individual, which can be considered offensive. However, it does not explicitly demean or degrade individuals based on protected characteristics like race, ethnicity, gender, etc. The language is more about mocking or insulting a specific person rather than a group. There is no call for violence or use of slurs that target a protected group. Given these factors, Andy might not label this as hate speech, but the offensive language could lead to some disagreement.",0
25,19642,"The problem is the muzzies will expand into the burbs.  No where inside your borders will be safe.  I'd bolt for the border if I had a family.  It's really heartbreaking to see how Britain is falling.  I know if we still had obozo, we would be circling the drain with you.  When will the Queen start wearing a hajib?  Sorry, I couldn't help myself.",1,1,"The post uses the derogatory term 'muzzies' to refer to Muslims, which is an assault on human dignity based on religion. It also implies that Muslims are a threat to safety, which can be seen as demeaning and degrading. The post contains offensive language and derogatory terms, which Andy would likely consider as hate speech. Additionally, the post makes a sarcastic comment about the Queen wearing a 'hajib', further mocking and demeaning a religious practice.","The post uses derogatory language to refer to Muslims and implies they are a threat, which is an assault on human dignity. It also contains offensive language and mocks religious practices, which Andy would likely label as hate speech. Therefore, the label is 1.",0
26,20703,"Illegal aliens get preferential treatment by state & federal judges, and state & federal prosecutors over US citizens. Citizen would get more severe sentence than 2 yrs in jail illegal Mexican got for killing 3 people by hitting car head on. 2 yrs to be served at same time as 2 yr federal sentence for being in US illegally. http://tinyurl.com/y8ewysee",1,1,"The post discusses the legal treatment of 'illegal aliens' compared to US citizens, suggesting that they receive preferential treatment. The language used, such as 'illegal aliens' and 'illegal Mexican,' can be considered derogatory and demeaning towards immigrants, particularly those from Mexico. This could be seen as an assault on human dignity based on ethnicity and nationality. However, the post does not explicitly call for violence or use vulgar language. Andy might label this as hate speech due to the demeaning language and the implication of unfair treatment based on nationality.","The post uses language that could be considered demeaning towards immigrants, particularly those from Mexico, by using terms like 'illegal aliens' and 'illegal Mexican.' This could be seen as an assault on human dignity based on ethnicity and nationality. While it does not call for violence or use vulgar language, the implication of unfair treatment based on nationality might lead Andy to label it as hate speech.",0
27,13206,I once ate a watermelon out of a black mans ass,0,1,"The post contains vulgar and offensive language, specifically using a racial stereotype associated with black people (watermelon) in a demeaning and degrading manner. This can be seen as an assault on human dignity based on race, which is a characteristic of hate speech. The post does not call for violence, but the use of racial stereotypes and vulgarity suggests it would be labeled as hate speech by Andy.","The post uses a racial stereotype in a vulgar and degrading context, which aligns with aspects of hate speech related to assaults on human dignity and offensive language. Andy would likely label this as hate speech.",1
28,2600,"Jesus physically Whipped Jew loan sharks from the Temple, with a corded whip.  It was approximately 40 acres of Kosher usurers and snakes.  That’s when the hit on his life went out.   ",1,1,"The post contains language that demeans and degrades a religious group, specifically Jewish people, by referring to them as 'loan sharks,' 'usurers,' and 'snakes.' This language assaults human dignity by perpetuating harmful stereotypes about Jewish people. Additionally, the post references a historical event in a way that could be interpreted as justifying violence against this group. The use of such language and historical references aligns with aspects of hate speech, particularly assaults on human dignity and potentially inciting violence.","The post contains language that demeans and degrades a religious group, specifically Jewish people, by referring to them as 'loan sharks,' 'usurers,' and 'snakes.' This language assaults human dignity by perpetuating harmful stereotypes about Jewish people. Additionally, the post references a historical event in a way that could be interpreted as justifying violence against this group. The use of such language and historical references aligns with aspects of hate speech, particularly assaults on human dignity and potentially inciting violence. Therefore, Andy would likely label this post as hate speech, resulting in a label of 1.",0
29,9229,🚨🚨 Non-citizens legally register to vote in San Francisco school elections. 🚨🚨  https://tiny.iavian.net/nvto,0,0,"The post reports on non-citizens legally registering to vote in San Francisco school elections. It does not contain any language that assaults human dignity, calls for violence, or uses vulgar or offensive language. The post appears to be a straightforward report of a legal event without any derogatory or inflammatory language. Therefore, Andy would likely not label this as hate speech.","The post reports on non-citizens legally registering to vote in San Francisco school elections. It does not contain any language that assaults human dignity, calls for violence, or uses vulgar or offensive language. The post appears to be a straightforward report of a legal event without any derogatory or inflammatory language. Therefore, Andy would likely not label this as hate speech.",0
30,15553,"He is probably only a good goy, oblivious to the damage he is doing enforcing the Jew governments destructive laws in a desperate attempt to bring order to his crypto-jew riddled life. ",1,1,"The post uses the term 'goy,' which is often used in a derogatory manner towards non-Jews, and refers to 'Jew governments' and 'crypto-jew riddled life,' which are anti-Semitic tropes. These phrases degrade and demean Jewish people, suggesting they are responsible for societal harm. This aligns with the aspect of 'Assaults on Human Dignity' based on religion and ethnicity. The language used is offensive and perpetuates harmful stereotypes about Jewish people, which Andy would likely consider hate speech.","The post contains anti-Semitic language and stereotypes, which Andy would likely label as hate speech due to its demeaning and degrading nature towards Jewish people.",0
31,6138,Tommys book busts the myth that islam is a religion of peace,1,0,"The post mentions a book that challenges the notion of Islam as a religion of peace. While it critiques a religion, it does not explicitly demean or degrade individuals or groups based on protected characteristics, nor does it call for violence or use vulgar language. The post could be seen as critical or controversial, but it does not clearly fall into the categories of hate speech as defined by the aspects provided.","The post critiques a religion but does not explicitly demean or degrade individuals or groups, nor does it call for violence or use vulgar language. It is critical but not hate speech.",1
32,26222,Hungry Nomad is one of the city’s favorite catering brands and we have loyal fans across the - http://hungrynomadtruck.com/talk-los-angeles-food-truck-catering-party/ #best_food_trucks_in_Los_Angeles #Festival_themed_foods #Food_Truck_For_Rent #Best_food_truck_los_angeles,0,0,"The post is a promotional message for a catering brand and does not contain any language or content that degrades individuals or groups based on protected characteristics. It does not incite violence or use vulgar or offensive language. Therefore, it does not meet any of the criteria for hate speech.","The post is a promotional message for a catering brand and does not contain any language or content that degrades individuals or groups based on protected characteristics. It does not incite violence or use vulgar or offensive language. Therefore, it does not meet any of the criteria for hate speech. Label: 0",0
33,25728,#Border #Invasion Murder of elderly woman in Paris probed as anti-Semitic https://michaelsavage.com/?p=14273,1,0,"The post mentions a murder being probed as anti-Semitic, which is a serious accusation. However, the post itself does not contain language that assaults human dignity, calls for violence, or uses vulgar or offensive language. It appears to be a news headline or statement about an investigation, without any additional commentary that would constitute hate speech. Andy would likely label this as not hate speech.","The post is a news headline about a murder investigation being probed as anti-Semitic. It does not contain any language that degrades individuals or groups, incites violence, or uses offensive language. Therefore, it is not considered hate speech.",1
34,3968,He looks like a Skinjob to me!,0,1,"The term 'Skinjob' is a derogatory term used in some contexts to refer to individuals of a certain race or ethnicity, often implying dehumanization. This could be seen as an assault on human dignity, as it degrades individuals based on perceived racial characteristics. However, without additional context, it is not explicitly clear if this is directed at a specific racial group or individual. The post does not contain calls for violence or vulgar language, but the potential racial undertone could be considered hate speech by Andy.","The post uses a term that can be interpreted as racially derogatory, which may lead Andy to label it as hate speech due to its potential to demean individuals based on race.",1
35,20581,"Catering to black racists and illiterate , dependent moochers is Schumers ""real deal"" ! Term Limits",1,1,"The post uses derogatory language to describe a racial group, referring to them as 'black racists' and 'illiterate, dependent moochers.' This demeaning language assaults human dignity by degrading individuals based on race. The post does not explicitly call for violence, but it does contain offensive language that targets a specific racial group. Given these aspects, Andy would likely label this post as hate speech.","The post uses derogatory language to describe a racial group, referring to them as 'black racists' and 'illiterate, dependent moochers.' This demeaning language assaults human dignity by degrading individuals based on race. The post does not explicitly call for violence, but it does contain offensive language that targets a specific racial group. Given these aspects, Andy would likely label this post as hate speech.",0
36,16852,"Gonna re-up, for the heck of it, mostly just a test of what I can or can't rip. ",0,0,"The post does not contain any language that assaults human dignity, calls for violence, or uses vulgar or offensive language. It appears to be a benign statement about testing something, possibly related to technology or media. There is no indication of hate speech in this post.","The post is neutral and lacks any elements of hate speech. It does not demean or degrade any group, incite violence, or use offensive language. Therefore, Andy would likely label it as not hate speech.",0
37,19179,"same way that you know that they are poor victims, just a couple of s’hia hitchicking through the middle east, captured by the sunni taliban and tortured for not being sunni, seems logical",0,1,"The post uses the term 's’hia' in a potentially derogatory manner, which could be interpreted as demeaning towards a religious group (Shia Muslims). However, the post does not explicitly call for violence or use vulgar language. The context suggests a sarcastic tone, possibly mocking the situation of Shia Muslims being tortured by the Sunni Taliban, which could be seen as an assault on human dignity. Given the ambiguity and potential for different interpretations, there might be some disagreement on whether this constitutes hate speech.","The post uses potentially derogatory language towards a religious group and mocks a serious situation, which could be seen as an assault on human dignity. Therefore, Andy might label it as hate speech.",1
38,24420,"They aren't supermen. All of that was done with American military hardware and money. That support will last until America completes its transition to third world country, or there is a 3rd revolution where the people overthrow the anti-White elite (hopefully sooner).",1,1,"The post suggests a revolution to overthrow the 'anti-White elite,' which can be interpreted as a call for violence against a specific group. It also implies a racial component by mentioning 'anti-White elite,' which could be seen as an assault on human dignity by promoting a racial hierarchy. The language used is not overtly vulgar, but the implications of violence and racial superiority are present.","The post implies a call for violence against a specific group, the 'anti-White elite,' and suggests a racial component by mentioning 'anti-White.' This aligns with aspects of hate speech related to calls for violence and assaults on human dignity. Therefore, Andy would likely label this as hate speech.",0
39,11231,"Big shock there, Stalin the Crypto Jew, burned down all the Orthodox churches, but touched not a Jewish Temple and gave them their own oblast within Russia. Same filthy Jewish/communist swine different century. The 3000 year old 'Jewish' question, how to live with white slavers who want your land. ",1,1,"The post contains multiple elements that Andy would likely consider as hate speech. It assaults human dignity by demeaning and degrading Jewish people, referring to them as 'filthy Jewish/communist swine' and 'white slavers.' It perpetuates harmful stereotypes and conspiracy theories about Jewish people, which is a clear assault on human dignity based on religion and ethnicity. The language used is offensive and derogatory, further supporting the classification as hate speech. There is no explicit call for violence, but the demeaning language and perpetuation of harmful stereotypes are sufficient for Andy to label this as hate speech.","The post contains multiple elements that Andy would likely consider as hate speech. It assaults human dignity by demeaning and degrading Jewish people, referring to them as 'filthy Jewish/communist swine' and 'white slavers.' It perpetuates harmful stereotypes and conspiracy theories about Jewish people, which is a clear assault on human dignity based on religion and ethnicity. The language used is offensive and derogatory, further supporting the classification as hate speech. There is no explicit call for violence, but the demeaning language and perpetuation of harmful stereotypes are sufficient for Andy to label this as hate speech. Therefore, the label is 1.",0
40,3642,A nigger lover and traitor to her race.,1,1,"The post uses a racial slur ('nigger') which is a highly offensive and derogatory term targeting Black individuals. This constitutes an assault on human dignity based on race. Additionally, the phrase 'traitor to her race' suggests a demeaning attitude towards individuals who associate with people of different races, further reinforcing the racial hostility. The use of such language is likely to be considered hate speech by Andy.","The post contains a racial slur and demeaning language towards individuals based on race, which aligns with aspects of hate speech such as assaults on human dignity and vulgarity/offensive language. Therefore, Andy would likely label this as hate speech.",0
41,27176,I'd rather have these semetic niggers do my bidding. ,1,1,"The post uses highly offensive and derogatory language, including racial slurs, which degrades individuals based on race and ethnicity. This constitutes an assault on human dignity. The use of the term 'niggers' is a clear racial slur, and the phrase 'do my bidding' implies a demeaning and subjugating attitude towards the group being referred to. This aligns with Andy's labeling of hate speech due to the use of vulgar and offensive language directed at a racial group.","The post contains racial slurs and demeaning language towards a specific ethnic group, which Andy would likely label as hate speech due to its assault on human dignity and use of offensive language.",0
42,11513,"Mohammed , the deranged used camel dealer, was a kiddy fiddler, as claimed by his own supporters.  If the ECHR dislikes this , tough. Post Brexit anyone trying to enforce the ECHRs usurpation of common law needs to be given a little justice.",1,1,"The post contains offensive language and derogatory remarks about a religious figure, which can be seen as an assault on human dignity based on religion. The term 'kiddy fiddler' is a vulgar and offensive term, and the post also suggests a disregard for legal authority ('ECHR') and implies a threat ('needs to be given a little justice'), which could be interpreted as a call for violence. Given these elements, Andy would likely label this as hate speech.","The post contains offensive language and derogatory remarks about a religious figure, which can be seen as an assault on human dignity based on religion. The term 'kiddy fiddler' is a vulgar and offensive term, and the post also suggests a disregard for legal authority ('ECHR') and implies a threat ('needs to be given a little justice'), which could be interpreted as a call for violence. Given these elements, Andy would likely label this as hate speech.",0
43,20606,"I see your point, what about real life activism?",0,0,"The post 'I see your point, what about real life activism?' does not contain any language that assaults human dignity, calls for violence, or uses vulgar or offensive language. It appears to be a neutral statement or question about activism, without any context that suggests hate speech. Therefore, Andy would likely label this post as not constituting hate speech.",The post is neutral and does not exhibit any characteristics of hate speech.,0
44,7690,"Jews have it good here. They own just about everything. And at 2% of the population at that. Nobody is trying to kill or remove them, or take away their rights yet they go on and on ceaselessly about anti semitism. You'd think they might, just, coast.",1,1,"The post makes generalizations about Jews, suggesting they own everything and implying they complain unnecessarily about anti-Semitism. This can be seen as demeaning or degrading, as it perpetuates stereotypes about Jewish people controlling resources and being overly sensitive. Such stereotypes have historically been used to justify discrimination against Jews. The post does not explicitly call for violence, but it does contain offensive language that could be interpreted as an assault on human dignity.","The post perpetuates harmful stereotypes about Jewish people, suggesting they control resources and are overly sensitive about anti-Semitism. This can be seen as demeaning and degrading, fitting the criteria for hate speech under the aspect of assaults on human dignity. Therefore, Andy would likely label this post as hate speech.",0
45,26698,"Even atheist like Richard Dawkins think Islam is bad, and think it is far worse than Christianity.  https://www.lifesitenews.com/news/richard-dawkins-benign-christianity-is-about-to-be-replaced-by-something-wo",1,0,"The post references a controversial opinion by Richard Dawkins about Islam being worse than Christianity. It does not contain vulgar or offensive language, nor does it call for violence. However, it could be interpreted as demeaning towards Islam by suggesting it is 'bad' and 'far worse' than another religion, which could be seen as an assault on human dignity based on religion. Given the context and the potential for different interpretations, there might be some disagreement on whether this constitutes hate speech.","The post references a controversial opinion by Richard Dawkins about Islam being worse than Christianity. It does not contain vulgar or offensive language, nor does it call for violence. However, it could be interpreted as demeaning towards Islam by suggesting it is 'bad' and 'far worse' than another religion, which could be seen as an assault on human dignity based on religion. Given the context and the potential for different interpretations, there might be some disagreement on whether this constitutes hate speech. Therefore, Andy might label it as not hate speech, but with some potential for disagreement.",1
46,10323,Koch Brothers Blackmailed Their Allegedly Gay Brother ,0,0,"The post mentions the Koch Brothers allegedly blackmailing their brother for being gay. While it touches on a sensitive topic related to sexual orientation, it does not directly demean or degrade individuals or groups based on protected characteristics. There is no call for violence or use of vulgar or offensive language. The post seems to be more of a statement or allegation rather than hate speech.","The post does not exhibit any of the specific aspects of hate speech as outlined. It does not assault human dignity, call for violence, or use vulgar or offensive language. Therefore, Andy would likely label it as not hate speech.",0
47,4845,"Google image : "" mélissa theuriau jamel debbouze "" ",1,0,"The post simply suggests searching for images of Mélissa Theuriau and Jamel Debbouze, who are a well-known couple. There is no indication of assaults on human dignity, calls for violence, or vulgarity and offensive language. The post does not seem to contain any elements of hate speech.","The post is a straightforward suggestion to search for images of a celebrity couple, without any offensive or hateful content.",1
48,18916,"Just found this, good site. - http://hungrynomadtruck.com/perfect-summer-wedding-best-catering-los-angeles/",0,0,"The post is a simple statement about finding a website and does not contain any language that degrades individuals or groups, incites violence, or uses vulgar or offensive language. It appears to be a neutral comment about a catering service, without any context that could be interpreted as hate speech.","The post is a simple statement about finding a website and does not contain any language that degrades individuals or groups, incites violence, or uses vulgar or offensive language. It appears to be a neutral comment about a catering service, without any context that could be interpreted as hate speech. Therefore, Andy would likely label this post as not hate speech, with a label of 0.",0
49,10039,His country is a pussyfied soon to be moslem shithole.,1,1,"The post uses vulgar and offensive language, specifically the term 'pussyfied' and 'shithole,' which are derogatory and demeaning. It also targets a country with a religious group, Muslims, in a negative context, suggesting a degradation of the country due to the presence of Muslims. This aligns with assaults on human dignity based on religion and ethnicity, and the use of offensive language.","The post contains offensive language and demeaning statements about a country and a religious group, which Andy would likely label as hate speech.",0
50,20500,I love articles with happy endings and a story about a few dead faggots is a happy ending to me. ,1,1,"The post uses a derogatory slur 'faggots' which is offensive and demeaning to individuals based on sexual orientation, thus assaulting human dignity. Additionally, the post expresses joy over the death of individuals, which can be interpreted as a call for violence or at least an endorsement of violence against a group. The language is vulgar and offensive, clearly falling into the category of hate speech.","The post uses a derogatory slur 'faggots' which is offensive and demeaning to individuals based on sexual orientation, thus assaulting human dignity. Additionally, the post expresses joy over the death of individuals, which can be interpreted as a call for violence or at least an endorsement of violence against a group. The language is vulgar and offensive, clearly falling into the category of hate speech. Therefore, Andy would likely label this post as hate speech, resulting in a label of 1.",0
51,9509,"So-called ""Gay Marriage"" was at one time illegal and now they are legal.  And just like you are cool with it now because your moral compass rests on shifting sands, you will find a way to rationalize child rape once it's legalized and supported by popular opinion. ",1,1,"The post makes a comparison between gay marriage and child rape, suggesting that societal acceptance of gay marriage is a moral failing that could lead to the acceptance of child rape. This comparison is demeaning to the LGBTQ+ community as it equates a legal and consensual union with a criminal act. It assaults human dignity by implying that those who support gay marriage lack a moral compass. The post does not explicitly call for violence, but it uses offensive language and a harmful analogy that could be considered hate speech.","The post compares gay marriage to child rape, suggesting a moral equivalence that is offensive and demeaning to the LGBTQ+ community. It implies that societal acceptance of gay marriage is a moral failing, which could lead to the acceptance of child rape. This is an assault on human dignity and uses offensive language, making it likely that Andy would label it as hate speech.",0
52,9827,"In my humble opinion the ethic solution is the cruelest available, because its my duty as member of society to kill those who tries to attack my family and destroy my country. Also its okay to excommunicate those who will be like ""SHIIIIET, DONT YOU HAVE NO HEART?! THEY'RE KIIIIIDS, DUDE""",1,1,"The post suggests that the 'ethical solution' is to kill those who attack one's family or country, which can be interpreted as a call for violence. The language used implies a justification for violence against perceived threats. Additionally, the post dismisses those who oppose such violence, indicating a lack of empathy and a potential demeaning of those who hold different views. This aligns with the aspect of 'Calls for Violence' and possibly 'Assaults on Human Dignity' due to the dismissive tone towards dissenters.","The post suggests violence as an ethical solution, which can be seen as a call for violence. It also dismisses opposing views in a demeaning manner, aligning with aspects of hate speech.",0
53,302,"Christians don't stick up for themselves. They do as their church leaders tell them, and their church leaders are telling them to bend over for multiculturalism, to forgive the non-whites/muslims that are raping and murdering their children, and to accept that islam is a religion of peace, and to just pray instead of fight back. ",1,1,"The post contains language that demeans and degrades Christians by suggesting they are submissive and blindly follow their leaders. It also implies that non-whites and Muslims are inherently violent, which is a harmful stereotype. The post uses offensive language and promotes a narrative that could incite hostility against Muslims and non-whites. This aligns with the aspects of hate speech related to assaults on human dignity and potentially inciting violence, as it suggests Christians should ""fight back.""","The post contains language that demeans and degrades Christians by suggesting they are submissive and blindly follow their leaders. It also implies that non-whites and Muslims are inherently violent, which is a harmful stereotype. The post uses offensive language and promotes a narrative that could incite hostility against Muslims and non-whites. This aligns with the aspects of hate speech related to assaults on human dignity and potentially inciting violence, as it suggests Christians should ""fight back."" Therefore, Andy would likely label this post as hate speech, resulting in a label of 1.",0
54,5519,kikes are liars and thieves.,1,1,"The post uses a derogatory slur 'kikes' to refer to Jewish people, which is a clear assault on human dignity based on religion and ethnicity. It degrades and demeans a group of people, which aligns with the definition of hate speech. The use of the term 'liars and thieves' further perpetuates harmful stereotypes about Jewish people. This post clearly falls into the category of hate speech due to its use of offensive language and demeaning content.","The post uses a derogatory slur 'kikes' to refer to Jewish people, which is a clear assault on human dignity based on religion and ethnicity. It degrades and demeans a group of people, which aligns with the definition of hate speech. The use of the term 'liars and thieves' further perpetuates harmful stereotypes about Jewish people. This post clearly falls into the category of hate speech due to its use of offensive language and demeaning content.",0
55,14307,@NickJFuentes ,0,0,"The post only contains a mention of a Twitter handle, '@NickJFuentes', without any additional context, language, or content that could be evaluated for hate speech. There is no evidence of assaults on human dignity, calls for violence, or vulgarity and offensive language. Therefore, Andy would likely label this post as not constituting hate speech.","The post '@NickJFuentes' does not contain any content that can be evaluated for hate speech. It is simply a mention of a Twitter handle without any additional context or language that could be considered offensive or harmful. As such, Andy would likely label this post as not hate speech, resulting in a label of 0.",0
56,14718,Not all whites are the same. ,1,0,"The post 'Not all whites are the same.' does not contain any explicit demeaning or degrading language towards individuals or groups based on race, ethnicity, gender, religion, sexual orientation, or other protected characteristics. It also does not incite or encourage violence, nor does it contain vulgarity or offensive language. The statement is a general observation that could be interpreted in various ways, but it lacks the elements typically associated with hate speech.","The post 'Not all whites are the same.' does not exhibit any of the aspects of hate speech as defined. It is a neutral statement that does not demean, incite violence, or use offensive language. Therefore, Andy would likely label it as not hate speech, resulting in a label of 0.",1
57,729,Women prefer the Weinstein version of Patriarchy,0,1,"The post seems to reference Harvey Weinstein, who was convicted of sexual offenses, in a way that could be interpreted as demeaning to women by suggesting they prefer a system associated with such behavior. This could be seen as an assault on human dignity, as it trivializes or mocks the serious issue of sexual misconduct and its impact on women. However, the post does not contain explicit vulgarity or offensive language, nor does it call for violence. The interpretation of this post could vary, but given Andy's labeling tendencies, it is likely to be considered hate speech due to its demeaning nature towards women.","The post references a controversial figure known for sexual misconduct and suggests women prefer such a system, which can be seen as demeaning to women. Andy would likely label this as hate speech due to its assault on human dignity.",1
58,18693,"https://www.realclearpolitics.com/video/2018/01/09/tucker_carlson_vs_jorge_ramos_are_we_not_allowed_to_complain_about_illegal_immigration.html  For every hard worker that ILLEGALLY crosses the border, there’s another selling drugs escaping prosecution & getting free American healthcare and welfare!",1,1,"The post discusses illegal immigration and makes a generalization that for every hard-working illegal immigrant, there is another involved in criminal activities such as drug selling and exploiting American welfare systems. This statement could be seen as demeaning or degrading to immigrants by suggesting a negative stereotype. However, it does not explicitly call for violence or use vulgar language. Andy might consider this as an assault on human dignity due to the negative stereotyping of a group based on their immigration status.","The post generalizes illegal immigrants by associating them with criminal activities and welfare exploitation, which can be seen as demeaning to a group based on their immigration status. Andy would likely label this as hate speech due to the negative stereotyping involved.",0
59,10372,"Beautiful new pictures of Jupiter here, courtesy of NASA's Juno probe. http://www.sciencealert.com/nasa-s-1-billion-probe-just-sent-back-mind-meltingly-gorgeous-new-images-of-jupiter?utm_content=buffer80c0d&utm_medium=social&utm_source=twitter.com&utm_campaign=buffer",0,0,"The post is a neutral statement sharing a link to images of Jupiter taken by NASA's Juno probe. It does not contain any language that assaults human dignity, calls for violence, or uses vulgar or offensive language. It is purely informational and scientific in nature.","The post is a neutral statement sharing a link to images of Jupiter taken by NASA's Juno probe. It does not contain any language that assaults human dignity, calls for violence, or uses vulgar or offensive language. It is purely informational and scientific in nature. Therefore, Andy would label it as not hate speech, with a label of 0.",0
60,16172,It will be sad for me as well. The Speaker of the Parliament has called for him to be banned from UK. That is an official representative of Her Majesty s Government.  Special Relationship is bullshit,0,0,"The post does not contain any language that assaults human dignity, calls for violence, or uses vulgar or offensive language. It expresses a personal opinion about the 'Special Relationship' between the UK and another entity, possibly the US, and mentions a political action (a call for a ban) without any hate speech elements. Andy would likely label this as not hate speech.",The post does not contain any elements of hate speech as defined by the aspects provided. It is a political opinion without offensive language or calls for violence.,0
61,16581,TY for your Patriotism ! I seek law & justice since I have not seen any for a very long time. We must allow our children & gr children to witness it someday.  Loved it one day when my grson @ 8 asked a Vet .. Is Trump ur prez? Vet said yes. GRson stood on pinic table & shouted Trump is our Prez & then told Vet some people just don't know.LOL,0,0,"The post expresses support for Trump and shares a story about a child expressing the same sentiment. It does not contain any language that assaults human dignity, calls for violence, or uses vulgar or offensive language. The post is more about political support and does not exhibit characteristics of hate speech.","The post is a personal anecdote expressing political support for Trump. It does not contain hate speech elements such as demeaning language, incitement to violence, or offensive language. Therefore, Andy would likely label it as not hate speech.",0
62,17200,"I’d drag my nuts over a mile of broken glass, just to finger flunk your shadow! Hehehe",0,0,"The post uses vulgar and offensive language, specifically the phrase 'drag my nuts over a mile of broken glass' and 'finger flunk your shadow.' However, it does not target any specific individual or group based on protected characteristics, nor does it call for violence against anyone. The language is crude and potentially offensive, but it lacks the elements of hate speech as defined by assaults on human dignity or calls for violence. Andy would likely not label this as hate speech.","The post contains vulgar and offensive language but does not target any specific group or individual based on protected characteristics, nor does it incite violence. Therefore, it is not considered hate speech.",0
63,8943,"African women have to be strong, because African men dont work... much... You have to whip them into shape...",1,1,"The post makes a generalization about African men, suggesting they are lazy and need to be 'whipped into shape.' This demeaning stereotype can be seen as an assault on human dignity based on race and gender. The language used is derogatory and perpetuates negative stereotypes about African men, which aligns with aspects of hate speech related to degrading individuals or groups based on race and gender.","The post contains a stereotype about African men being lazy and needing to be controlled, which is degrading and demeaning. This aligns with the aspect of hate speech related to assaults on human dignity based on race and gender. Therefore, Andy would likely label this as hate speech.",0
64,9319,Facts are irrelevant when politicians feel the need to virtue signal ;-),0,0,"The post does not contain any explicit assaults on human dignity, calls for violence, or vulgarity and offensive language. It appears to be a critique of politicians and their behavior, specifically virtue signaling, which is a common political commentary. The use of a winking emoticon suggests a light-hearted or sarcastic tone rather than hate speech. Andy would likely label this as not hate speech.","The post critiques politicians for virtue signaling, which is a common political commentary. It does not contain hate speech elements such as assaults on human dignity, calls for violence, or vulgarity. Andy would likely label it as not hate speech.",0
65,5283,"Saw them do this live in SFO in the seventies at The Matrix the version lasted about five times as long as this version, excellent!!",0,0,"The post is a personal anecdote about a live performance in San Francisco in the seventies. It does not contain any language or content that degrades individuals or groups based on protected characteristics, nor does it incite violence or use vulgar or offensive language. The post is neutral and focuses on a musical experience.","The post is a personal anecdote about a live performance in San Francisco in the seventies. It does not contain any language or content that degrades individuals or groups based on protected characteristics, nor does it incite violence or use vulgar or offensive language. The post is neutral and focuses on a musical experience. Therefore, Andy would likely label it as not hate speech, with a label of 0.",0
66,9124,Fuck them all. We must remove kebab and turn all their mosques into pubs.,1,1,The post contains offensive language and a derogatory term 'kebab' which is often used as a slur against Muslims. It also suggests a violent action of removing a group ('remove kebab') and desecrating religious sites ('turn all their mosques into pubs'). This post assaults human dignity by demeaning a religious group and calls for violence against them.,"The post uses offensive language and slurs, and it incites violence and disrespect towards a religious group, which aligns with Andy's criteria for labeling it as hate speech.",0
67,9949,Beat me to it lolZ Nice,0,0,"The post 'Beat me to it lolZ Nice' does not contain any language that assaults human dignity, calls for violence, or uses vulgar or offensive language. It appears to be a light-hearted or humorous comment without any context that suggests hate speech. Andy would likely label this as not hate speech.","The post 'Beat me to it lolZ Nice' does not contain any language that assaults human dignity, calls for violence, or uses vulgar or offensive language. It appears to be a light-hearted or humorous comment without any context that suggests hate speech. Andy would likely label this as not hate speech.",0
68,23914,Italian police dismantled a human trafficking gang  between Tunisia and Sicily whose members had jihadist sympathies. ,0,0,"The post reports on a news event involving the dismantling of a human trafficking gang with alleged jihadist sympathies. It does not contain language that assaults human dignity, calls for violence, or uses vulgar or offensive language. The post appears to be a straightforward news report without any elements of hate speech.",The post is a factual report about a police operation and does not exhibit any characteristics of hate speech. Andy would likely label it as not hate speech.,0
69,27662,Booker T Washington was an extraordinary American whose great vision and works were undermined by American communists.,0,0,"The post praises Booker T Washington as an extraordinary American and criticizes American communists for undermining his vision and works. There is no use of vulgar or offensive language, no calls for violence, and no assaults on human dignity based on protected characteristics. The post appears to be a political opinion rather than hate speech.",The post does not exhibit any of the aspects of hate speech as defined. It is a political opinion about historical figures and movements without degrading language or incitement to violence.,0
70,1731,Talk about attacking the victim. ,0,0,"The post 'Talk about attacking the victim.' is vague and lacks context. It does not explicitly demean or degrade any individual or group based on protected characteristics, nor does it incite violence or use vulgar language. Without additional context, it is difficult to determine if it constitutes hate speech. Andy would likely not label this as hate speech due to the lack of clear indicators.","The post is too vague to be considered hate speech without additional context. It does not meet the criteria for assaults on human dignity, calls for violence, or vulgarity/offensive language.",0
71,10531,Lot's of stupid people in Brazil .Socialism has raped your country...,1,0,"The post uses the term 'stupid people' which is derogatory but not necessarily hate speech. However, the phrase 'Socialism has raped your country' uses violent imagery and could be seen as offensive, but it does not directly target a protected group or call for violence. Andy might see this as offensive language but not necessarily hate speech as it does not clearly assault human dignity or incite violence.","The post contains offensive language, particularly the use of 'stupid people' and 'raped your country,' but it does not directly target a protected group or incite violence. Andy would likely label this as not hate speech.",1
72,18772,"Dont do that mate just because some short sighted american asshole cant see further than the end of his nose! They are in the same if not worse predicament than us, we are all in the same boat when it comes to the muslim takeover problem its happening in the USA too, That prick is just looking through rose coloured glasses!",0,1,"The post contains offensive language, such as 'asshole' and 'prick,' which could be considered vulgarity. Additionally, it refers to a 'muslim takeover problem,' which could be interpreted as demeaning or degrading towards Muslims, suggesting an assault on human dignity based on religion. The post does not explicitly call for violence, but the language used could be seen as promoting a negative stereotype about Muslims. Given these aspects, Andy might label this as hate speech due to the demeaning language towards a religious group and the use of offensive language.","The post contains offensive language, such as 'asshole' and 'prick,' which could be considered vulgarity. Additionally, it refers to a 'muslim takeover problem,' which could be interpreted as demeaning or degrading towards Muslims, suggesting an assault on human dignity based on religion. The post does not explicitly call for violence, but the language used could be seen as promoting a negative stereotype about Muslims. Given these aspects, Andy might label this as hate speech due to the demeaning language towards a religious group and the use of offensive language.",1
73,19799,"Blacks like these men are to be respected & Appreciated in our country  & military but Democrat socialist Niggers belong with Muslims & socialist, they need to be rejected out of America ",1,1,"The post uses a racial slur ('Niggers') which is a highly offensive and derogatory term for Black people, constituting an assault on human dignity. It also suggests that certain groups ('Democrat socialist Niggers' and 'Muslims & socialist') should be 'rejected out of America,' which can be interpreted as a call for exclusion or expulsion based on race, religion, and political beliefs. The use of such language and the suggestion of exclusion align with aspects of hate speech, particularly assaults on human dignity and potentially inciting discrimination or hostility against these groups.","The post contains a racial slur and suggests exclusion of certain groups based on race, religion, and political beliefs, which aligns with hate speech aspects.",0
74,4366,I PLEDGE ALLEGIANCE TO THE FLAG OF THE UNITED STATES OF AMERICA AND TO THE REPUBLIC FOR WHICH IT STANDS ONE NATION UNDER GOD INDIVISIBLE WITH LIBERTY AND JUSTICE FOR ALL,0,0,"The post is a recitation of the Pledge of Allegiance to the United States flag. It does not contain any language that assaults human dignity, calls for violence, or uses vulgar or offensive language. It is a patriotic statement that is unlikely to be interpreted as hate speech.","The post is a recitation of the Pledge of Allegiance to the United States flag. It does not contain any language that assaults human dignity, calls for violence, or uses vulgar or offensive language. It is a patriotic statement that is unlikely to be interpreted as hate speech. Therefore, Andy would likely label it as 0, indicating it is not hate speech.",0
75,21905,"The Tide pod generation is foaming at the mouth for gun control, as if alcohol/drug prohibition was/is effective. @allidoisowen",0,0,"The post uses the term 'Tide pod generation' which is a derogatory term referring to young people, implying they are foolish or reckless. However, it does not explicitly demean or degrade individuals based on protected characteristics such as race, ethnicity, gender, etc. The post does not contain any calls for violence or use vulgar or offensive language. It appears to be a critique of young people's stance on gun control, comparing it to alcohol/drug prohibition, but it does not meet the criteria for hate speech as defined by the aspects provided.","The post uses a derogatory term 'Tide pod generation' but does not meet the criteria for hate speech as it does not degrade based on protected characteristics, call for violence, or use offensive language.",0
76,6140,#Qanon 1834 10-Aug-2018 12:44:55 EDT Q !A6yxsPKia. 131  ,0,0,"The post consists of a hashtag and what appears to be a timestamp and a code, which is likely a reference to a specific post or message within the QAnon conspiracy theory community. The content itself does not contain any explicit language or statements that directly assault human dignity, call for violence, or use vulgar or offensive language. Without additional context or content, the post does not meet the criteria for hate speech based on the aspects provided.","The post is a reference to QAnon, which is a conspiracy theory. However, the post itself does not contain any explicit hate speech elements such as demeaning language, calls for violence, or vulgarity. Therefore, Andy would likely label it as not hate speech.",0
77,23359,"Agreed, but I think a lot of the Anti Semitism is democrat plants trying to make Gab out to look like a right-wing extremist site.",1,0,"The post suggests that anti-Semitism is being used as a political tool by Democrats to discredit a platform. It does not directly demean or degrade individuals or groups based on protected characteristics, nor does it call for violence. The language used is not vulgar or offensive. The post seems to be more of a political commentary rather than hate speech. Andy would likely not label this as hate speech.","The post does not exhibit any of the specific aspects of hate speech as outlined. It does not assault human dignity, call for violence, or use vulgar or offensive language. Therefore, Andy would likely label it as not hate speech.",1
78,16617,will be the first one to guess if a lot more of these clowns were checked closer we would be in a shortage of lawyers,0,0,"The post uses the term 'clowns' to refer to a group of people, likely lawyers, in a derogatory manner. However, it does not specifically target a protected characteristic such as race, ethnicity, gender, religion, or sexual orientation. There is no call for violence or use of vulgar or offensive language that would typically be associated with hate speech. The post seems to express a negative opinion about lawyers but does not meet the criteria for hate speech as defined by the aspects provided.","The post does not exhibit any of the specific aspects of hate speech such as assaults on human dignity, calls for violence, or vulgarity and offensive language. It is more of a general derogatory comment about lawyers, which does not fall under hate speech.",0
79,10319,https://www.naturalnews.com/2018-04-19-people-with-bad-social-credit-china-banned-from-using-trains-airplanes.html  ,0,0,"The post is a link to an article about China's social credit system. There is no explicit language in the post itself that assaults human dignity, calls for violence, or uses vulgar or offensive language. The content of the article itself is not provided, so the assessment is based solely on the post's text, which is neutral and factual in nature.","The post is a link to an article about China's social credit system. There is no explicit language in the post itself that assaults human dignity, calls for violence, or uses vulgar or offensive language. The content of the article itself is not provided, so the assessment is based solely on the post's text, which is neutral and factual in nature. Therefore, Andy would likely label this post as not hate speech, resulting in a label of 0.",0
80,18369,More Dem Candidates Against Pelosi for Speaker https://iotwreport.com/more-dem-candidates-against-pelosi-for-speaker/,0,0,"The post is a simple news headline about Democratic candidates opposing Nancy Pelosi for Speaker. It does not contain any language that assaults human dignity, calls for violence, or uses vulgar or offensive language. It appears to be a neutral statement about political events.",The post is a neutral news headline without any elements of hate speech. Andy would likely label it as not hate speech.,0
81,13822,SOROS' Five Steps To Inialate Eourpe. . 1) Buy Off The Top Politicians Of European Counties 2) Buy Off The Top Leadership Of The EU 3) Buy Of The Top Media CEO's Not To Cover Negative Stories. 4) Transport Muslims & Africans To Europe.  5) Get The United State & EU To Pay For It.  ,0,1,"The post suggests a conspiracy theory involving George Soros, a common target in anti-Semitic narratives. It implies that Soros is orchestrating a plan to 'inialate' (likely meant to be 'annihilate') Europe by manipulating political and media leaders and facilitating the migration of Muslims and Africans to Europe. This narrative can be seen as demeaning and degrading to both Soros, who is Jewish, and to Muslims and Africans, as it portrays them as tools in a harmful plot. The post does not explicitly call for violence, but it does use language that could be interpreted as inciting fear or hostility towards these groups. The post does not contain vulgarity or offensive language, but the underlying message aligns with hate speech due to its assault on human dignity and propagation of harmful stereotypes.","The post suggests a conspiracy theory involving George Soros, a common target in anti-Semitic narratives. It implies that Soros is orchestrating a plan to 'inialate' (likely meant to be 'annihilate') Europe by manipulating political and media leaders and facilitating the migration of Muslims and Africans to Europe. This narrative can be seen as demeaning and degrading to both Soros, who is Jewish, and to Muslims and Africans, as it portrays them as tools in a harmful plot. The post does not explicitly call for violence, but it does use language that could be interpreted as inciting fear or hostility towards these groups. The post does not contain vulgarity or offensive language, but the underlying message aligns with hate speech due to its assault on human dignity and propagation of harmful stereotypes. Therefore, Andy would likely label this post as hate speech, assigning it a label of 1.",1
82,11822,yep. is communist jews importing Islamic into ALL Europeans lands. ,1,1,"The post makes a derogatory and conspiratorial claim about 'communist Jews' importing 'Islamic' into European lands. This statement targets Jews and Muslims, suggesting a harmful conspiracy and using language that degrades these groups. It assaults human dignity by promoting a harmful stereotype and conspiracy theory about Jews and Muslims. The language used is offensive and could be considered a slur against these groups. Given these factors, Andy would likely label this as hate speech.","The post contains elements of hate speech as it assaults human dignity by promoting harmful stereotypes and conspiracy theories about Jews and Muslims. It uses offensive language and targets specific groups based on religion and ethnicity. Therefore, Andy would label it as hate speech, resulting in a label of 1.",0
83,11943,"Migrants are a sugar hit for the economy & house prices, they make the numbers stand up at first glance but are very, very unhealthy in the long-term. For our health we need to cut the migrant flow and cop the paper wealth destruction of lower house prices. It is better in the long run.",1,0,"The post discusses the economic impact of migrants, suggesting that they are beneficial in the short term but harmful in the long term. It advocates for reducing migrant flow to improve long-term economic health. The language used does not contain vulgarity or offensive language, nor does it call for violence. While it could be interpreted as an economic critique, it does not explicitly demean or degrade migrants based on their identity. Therefore, Andy would likely not label this as hate speech.","The post does not contain any explicit hate speech elements such as vulgarity, calls for violence, or assaults on human dignity based on protected characteristics. It focuses on economic arguments rather than personal attacks or derogatory language.",1
84,21686,You talk too much faggot. Quit projecting your insecurities onto others. ,1,1,"The post uses a homophobic slur, 'faggot,' which is a clear example of vulgarity and offensive language directed at an individual. This language degrades and demeans based on sexual orientation, which falls under the category of assaults on human dignity. Given the use of a slur and the demeaning nature of the post, Andy would likely label this as hate speech.","The post contains a homophobic slur and demeaning language, which are indicators of hate speech according to the aspects of hate speech considered by Andy. Therefore, it is labeled as hate speech.",0
85,9432,Eastern Hemisphere sky will experience a phenomenon called the 'Super Blue Blood Moon'  ,0,0,"The post is a factual statement about an astronomical event, the 'Super Blue Blood Moon,' and does not contain any language or content that degrades individuals or groups, incites violence, or uses vulgar or offensive language. It is purely informational and does not relate to any aspects of hate speech.",The post is purely informational about an astronomical event and does not contain any elements of hate speech.,0
86,21445,It was never credible --- always been a punk Jew run scam operation  --- criminal from top to bottom ,1,1,"The post contains derogatory language targeting Jews, referring to them as running a 'scam operation' and being 'criminal from top to bottom.' This language assaults human dignity by demeaning and degrading individuals based on their Jewish identity. The use of the term 'punk Jew' is a slur and contributes to the vulgarity and offensive language aspect of hate speech. Given these elements, Andy would likely label this post as hate speech.","The post is likely to be labeled as hate speech by Andy due to its derogatory and demeaning language targeting Jews, which falls under the category of assaults on human dignity and includes vulgarity and offensive language.",0
87,24004,Pompeo is a BEAST!! ,1,0,"The post 'Pompeo is a BEAST!!' does not appear to contain any elements of hate speech. It does not demean or degrade any individuals or groups based on protected characteristics, nor does it incite violence or use vulgar or offensive language. The term 'BEAST' in this context is likely used as a compliment or expression of admiration, rather than an insult or derogatory term. Therefore, Andy would likely label this post as not constituting hate speech.","The post 'Pompeo is a BEAST!!' does not appear to contain any elements of hate speech. It does not demean or degrade any individuals or groups based on protected characteristics, nor does it incite violence or use vulgar or offensive language. The term 'BEAST' in this context is likely used as a compliment or expression of admiration, rather than an insult or derogatory term. Therefore, Andy would likely label this post as not constituting hate speech.",1
88,16793,I say negro all the time and nigger it’s hilarious to me what’s the problem ,1,1,"The post uses racially offensive language, specifically the words 'negro' and 'nigger', which are historically used as racial slurs against Black people. This constitutes an assault on human dignity as it demeans individuals based on race. The use of such language is likely to be considered hate speech by Andy due to its offensive and degrading nature.","The post uses racially offensive language, specifically the words 'negro' and 'nigger', which are historically used as racial slurs against Black people. This constitutes an assault on human dignity as it demeans individuals based on race. The use of such language is likely to be considered hate speech by Andy due to its offensive and degrading nature.",0
89,19473,Non-profit founded by Democrat paid $200k to get victims of sexual misconduct by Trump to go public: http://www.washingtonexaminer.com/article/2644683 ,0,0,"The post discusses a non-profit organization allegedly paying victims of sexual misconduct by Trump to go public. It does not contain any language that assaults human dignity, calls for violence, or uses vulgar or offensive language. The post appears to be a straightforward report of an event without any elements of hate speech.","The post is a report on a non-profit's actions related to victims of sexual misconduct. It lacks any demeaning language, incitement to violence, or offensive language, thus it is not considered hate speech.",0
90,14590,"If the DOW reaching 26,000 points was because of the Obama economy, is the sudden drop because of Obama? ",0,0,"The post discusses the stock market performance and attributes it to the Obama economy. It does not contain any language that assaults human dignity, calls for violence, or uses vulgar or offensive language. The post is a commentary on economic performance and does not exhibit any aspects of hate speech.",The post is a commentary on economic performance and does not exhibit any aspects of hate speech.,0
91,12769,And the fact they are so tech savy.,0,0,"The post 'And the fact they are so tech savy.' does not contain any explicit or implicit assaults on human dignity, calls for violence, or vulgarity and offensive language. It appears to be a neutral statement, possibly complimenting a group for their technological skills. Without additional context indicating a derogatory or harmful intent, it does not meet the criteria for hate speech.",The post is neutral and lacks any elements of hate speech as defined by the aspects provided.,0
92,26860,Pro-Hillary Judge Could Face Disbarment After Taking Sides ,0,0,"The post discusses a judge potentially facing disbarment due to perceived bias towards Hillary Clinton. It does not contain any language that assaults human dignity, calls for violence, or uses vulgar or offensive language. The post appears to be a political commentary rather than hate speech.","The post does not exhibit any of the aspects of hate speech as defined. It is a political statement about a judge's potential disbarment and does not demean or degrade individuals or groups, incite violence, or use offensive language. Therefore, Andy would likely label it as not hate speech.",0
93,4530,"Scarborough is the oh-so brilliant insider who sneered at the Tea Party that routed Obama in 2010, assured us the GOP would lose in the 2014 mid-terms over gun control (they won record seats), and Trump had zero chance in 2016.   Oh, yeah, he's plugged in. https://kek.gg/u/4cvW",0,0,"The post criticizes Scarborough for his political predictions and does not contain any language that assaults human dignity, calls for violence, or uses vulgar or offensive language. It is a critique of political analysis and does not target any protected group or individual with hate speech.","The post is a critique of Scarborough's political predictions and does not contain hate speech elements such as assaults on human dignity, calls for violence, or vulgar language. Therefore, Andy would likely label it as not hate speech, with a label of 0.",0
94,1276,Asian women are f...ugly.  Only old men and idiots marry Asian women.,1,1,"The post demeans and degrades Asian women by calling them 'ugly' and suggesting that only 'old men and idiots' would marry them. This constitutes an assault on human dignity based on race and gender. The language used is offensive and derogatory, targeting a specific racial and gender group. Andy would likely label this as hate speech due to its demeaning nature and use of offensive language.","The post is clearly demeaning towards Asian women, using derogatory language that targets their race and gender. It fits the criteria for hate speech as it assaults human dignity and uses vulgar and offensive language. Andy would likely label this as hate speech.",0
95,14511,"Rockefellar stated that the U.S. IS the ""new Rome""...think about it.... anything that gets in the way of the empire must be removed... ",0,0,"The post discusses a statement attributed to Rockefeller about the U.S. being the ""new Rome"" and implies that anything obstructing the empire must be removed. The language used is not explicitly demeaning or degrading to any specific group based on protected characteristics, nor does it contain vulgar or offensive language. There is no direct call for violence or harm against individuals or groups. The post seems to be more of a political commentary or conspiracy theory rather than hate speech. Therefore, Andy would likely not label this as hate speech.","The post does not exhibit any of the specific aspects of hate speech as outlined. It lacks assaults on human dignity, calls for violence, and vulgar or offensive language. It appears to be a political commentary without targeting any specific group or individual in a hateful manner. Thus, Andy would likely assign a label of 0, indicating it is not hate speech.",0
96,14935,Here’s Why NYT’s Latest Attempt To Scare Readers About Global Warming Is A ‘Waste Of Time’ ,0,0,"The post appears to be a critique or commentary on a New York Times article about global warming. It does not contain any language that assaults human dignity, calls for violence, or uses vulgar or offensive language. The focus is on the topic of global warming and media coverage, which does not fall under the aspects of hate speech as defined.",The post is a critique of media coverage on global warming and does not exhibit any characteristics of hate speech.,0
97,22015,That would explain why the antifa movement has a bitchy presence to it.,1,0,"The post refers to the 'antifa movement' and uses the term 'bitchy' to describe its presence. The term 'bitchy' is a derogatory term that can be considered offensive, but it is not a direct slur or profanity. The post does not explicitly demean or degrade individuals based on protected characteristics, nor does it call for violence. The use of 'bitchy' could be seen as vulgar or offensive language, but it is not strongly directed at a specific individual or group in a way that constitutes hate speech. Andy might consider this post as not meeting the threshold for hate speech, as it lacks clear elements of demeaning or degrading language based on protected characteristics, calls for violence, or severe vulgarity.","The post uses the term 'bitchy' to describe the antifa movement, which could be considered offensive or vulgar language. However, it does not explicitly demean or degrade individuals based on protected characteristics, nor does it incite violence. Andy would likely label this post as not hate speech, as it does not strongly exhibit the aspects of hate speech outlined.",1
98,12724,Daily Caller: #MeToo on its last legs. ,0,0,"The post is a simple statement about the #MeToo movement, suggesting it is losing momentum. It does not contain any assaults on human dignity, calls for violence, or vulgarity and offensive language. The post is neutral and does not exhibit any characteristics of hate speech.",The post is a neutral statement about the #MeToo movement and does not contain any elements of hate speech.,0
99,2018,Who do you think they will blame for  2020 loss? #NeverTiredOfWinning,0,0,"The post does not contain any language that assaults human dignity, calls for violence, or uses vulgar or offensive language. It appears to be a political statement or question about the outcome of an election, without any elements of hate speech.","The post is a political commentary or question about the 2020 election outcome. It does not exhibit any characteristics of hate speech as defined by the aspects provided. Therefore, Andy would likely label it as not hate speech.",0
